{
    "train": {
        "auc": 0.850399131840774,
        "accuracy": 0.8047568335108272,
        "f1": 0.6345514950166113,
        "recall": 0.6387959866220736,
        "precision": 0.6303630363036303
    },
    "val": {
        "auc": 0.8520516347914231,
        "accuracy": 0.7926136363636364,
        "f1": 0.6294416243654822,
        "recall": 0.6631016042780749,
        "precision": 0.5990338164251208
    }
}